{"cameraMode":{"drawMode":0,"name":"Shaded","section":"Shading Mode"},"sceneLighting":true,"audioPlay":false,"sceneViewState":{"showFog":true,"showMaterialUpdate":false,"showSkybox":true,"showFlares":true,"showImageEffects":true,"showParticleSystems":true,"showVisualEffectGraphs":true,"m_FxEnabled":true},"in2DMode":false,"pivot":{"x":503.11944580078127,"y":319.608154296875,"z":-57.65618896484375},"rotation":{"x":0.024594344198703767,"y":0.017993513494729997,"z":-0.00044876348692923784,"w":0.9995406270027161},"size":356.8388366699219,"orthographic":false}